Source URL	Line	Destination URL	Status
https://www.ncbi.nlm.nih.gov/pathogens/docs/gcp/	19	https://www.ncbi.nlm.nih.gov/pathogens/static/django_uswds/uswds/css/uswds.css	200 OK
https://www.ncbi.nlm.nih.gov/pathogens/docs/gcp/	23	https://www.ncbi.nlm.nih.gov/pathogens/static/nwds/css/nwds.css	200 OK
https://www.ncbi.nlm.nih.gov/pathogens/docs/gcp/	24	https://www.ncbi.nlm.nih.gov/pathogens/static/nwds/css/header.css	200 OK
https://www.ncbi.nlm.nih.gov/pathogens/docs/gcp/	25	https://www.ncbi.nlm.nih.gov/pathogens/static/nwds/css/footer.css	200 OK
https://www.ncbi.nlm.nih.gov/pathogens/docs/gcp/	26	https://www.ncbi.nlm.nih.gov/pathogens/static/nwds/css/form.css	200 OK
https://www.ncbi.nlm.nih.gov/pathogens/docs/gcp/	30	https://maxcdn.bootstrapcdn.com/font-awesome/4.7.0/css/font-awesome.min.css	200 OK
https://www.ncbi.nlm.nih.gov/pathogens/docs/gcp/	45	https://cdn.ncbi.nlm.nih.gov/coreutils/nwds/img/favicons/favicon.ico	200 OK
https://www.ncbi.nlm.nih.gov/pathogens/docs/gcp/	46	https://cdn.ncbi.nlm.nih.gov/coreutils/nwds/img/favicons/favicon.png	200 OK
https://www.ncbi.nlm.nih.gov/pathogens/docs/gcp/	51	https://cdn.ncbi.nlm.nih.gov/coreutils/nwds/img/favicons/favicon-192.png	200 OK
https://www.ncbi.nlm.nih.gov/pathogens/docs/gcp/	54	https://cdn.ncbi.nlm.nih.gov/coreutils/nwds/img/favicons/favicon-57.png	200 OK
https://www.ncbi.nlm.nih.gov/pathogens/docs/gcp/	56	https://cdn.ncbi.nlm.nih.gov/coreutils/nwds/img/favicons/favicon-72.png	200 OK
https://www.ncbi.nlm.nih.gov/pathogens/docs/gcp/	58	https://cdn.ncbi.nlm.nih.gov/coreutils/nwds/img/favicons/favicon-114.png	200 OK
https://www.ncbi.nlm.nih.gov/pathogens/docs/gcp/	60	https://cdn.ncbi.nlm.nih.gov/coreutils/nwds/img/favicons/favicon-144.png	200 OK
https://www.ncbi.nlm.nih.gov/pathogens/docs/gcp/	63	https://www.ncbi.nlm.nih.gov/pathogens/static/main/styles/app.css	200 OK
https://www.ncbi.nlm.nih.gov/pathogens/docs/gcp/	64	https://www.ncbi.nlm.nih.gov/pathogens/static/main/styles/breadcrumbs.css	200 OK
https://www.ncbi.nlm.nih.gov/pathogens/docs/gcp/	81	https://www.ncbi.nlm.nih.gov/pathogens/static/main/styles/page-search.css	200 OK
https://www.ncbi.nlm.nih.gov/pathogens/docs/gcp/	88	https://www.ncbi.nlm.nih.gov/pathogens/docs/gcp/	200 OK
https://www.ncbi.nlm.nih.gov/pathogens/docs/gcp/	95	https://cdn.ncbi.nlm.nih.gov/coreutils/uswds/img/favicons/favicon-57.png	200 OK
https://www.ncbi.nlm.nih.gov/pathogens/docs/gcp/	111	https://cdn.ncbi.nlm.nih.gov/coreutils/uswds/img/icon-dot-gov.svg	200 OK
https://www.ncbi.nlm.nih.gov/pathogens/docs/gcp/	127	https://cdn.ncbi.nlm.nih.gov/coreutils/uswds/img/icon-https.svg	200 OK
https://www.ncbi.nlm.nih.gov/pathogens/docs/gcp/	152	https://www.ncbi.nlm.nih.gov/	200 OK
https://www.ncbi.nlm.nih.gov/pathogens/docs/gcp/	153	https://cdn.ncbi.nlm.nih.gov/coreutils/nwds/img/logos/AgencyLogo.svg	200 OK
https://www.ncbi.nlm.nih.gov/pathogens/docs/gcp/	158	https://account.ncbi.nlm.nih.gov/	200 OK
https://www.ncbi.nlm.nih.gov/pathogens/docs/gcp/	179	https://www.ncbi.nlm.nih.gov/myncbi/	303 See Other -> https://account.ncbi.nlm.nih.gov?back_url=https%3A%2F%2Fwww.ncbi.nlm.nih.gov%2Fmyncbi%2F
https://www.ncbi.nlm.nih.gov/myncbi/	NA	https://account.ncbi.nlm.nih.gov?back_url=https%3A%2F%2Fwww.ncbi.nlm.nih.gov%2Fmyncbi%2F	200 OK
https://www.ncbi.nlm.nih.gov/pathogens/docs/gcp/	180	https://www.ncbi.nlm.nih.gov/myncbi/collections/bibliography/	302 Found -> https://www.ncbi.nlm.nih.gov/myncbi/collections/mybibliography/
https://www.ncbi.nlm.nih.gov/myncbi/collections/bibliography/	NA	https://www.ncbi.nlm.nih.gov/myncbi/collections/mybibliography/	302 Found -> https://account.ncbi.nlm.nih.gov/?back_url=https%3A//www.ncbi.nlm.nih.gov/myncbi/collections/mybibliography/
https://www.ncbi.nlm.nih.gov/myncbi/collections/mybibliography/	NA	https://account.ncbi.nlm.nih.gov/?back_url=https%3A//www.ncbi.nlm.nih.gov/myncbi/collections/mybibliography/	200 OK
https://www.ncbi.nlm.nih.gov/pathogens/docs/gcp/	181	https://www.ncbi.nlm.nih.gov/account/settings/	301 Moved Permanently -> https://account.ncbi.nlm.nih.gov/settings/
https://www.ncbi.nlm.nih.gov/account/settings/	NA	https://account.ncbi.nlm.nih.gov/settings/	302 Found -> https://account.ncbi.nlm.nih.gov/?back_url=https%3A//account.ncbi.nlm.nih.gov/settings/
https://account.ncbi.nlm.nih.gov/settings/	NA	https://account.ncbi.nlm.nih.gov/?back_url=https%3A//account.ncbi.nlm.nih.gov/settings/	200 OK
https://www.ncbi.nlm.nih.gov/pathogens/docs/gcp/	182	https://www.ncbi.nlm.nih.gov/account/signout/	200 OK
https://www.ncbi.nlm.nih.gov/pathogens/docs/gcp/	192	https://www.ncbi.nlm.nih.gov/guide/browsers/	200 OK
https://www.ncbi.nlm.nih.gov/pathogens/docs/gcp/	193	https://www.ncbi.nlm.nih.gov/	200 OK
https://www.ncbi.nlm.nih.gov/pathogens/docs/gcp/	194	https://www.ncbi.nlm.nih.gov/myncbi/	303 See Other -> https://account.ncbi.nlm.nih.gov?back_url=https%3A%2F%2Fwww.ncbi.nlm.nih.gov%2Fmyncbi%2F
https://www.ncbi.nlm.nih.gov/pathogens/docs/gcp/	195	https://www.ncbi.nlm.nih.gov/pathogens/docs/gcp/	200 OK
https://www.ncbi.nlm.nih.gov/pathogens/docs/gcp/	196	https://www.ncbi.nlm.nih.gov/pathogens/docs/gcp/	200 OK
https://www.ncbi.nlm.nih.gov/pathogens/docs/gcp/	213	https://www.ncbi.nlm.nih.gov/home/health.shtml	301 Moved Permanently -> https://www.ncbi.nlm.nih.gov/home/health/
https://www.ncbi.nlm.nih.gov/home/health.shtml	NA	https://www.ncbi.nlm.nih.gov/home/health/	200 OK
https://www.ncbi.nlm.nih.gov/pathogens/docs/gcp/	215	https://www.ncbi.nlm.nih.gov/pathogens/	200 OK
https://www.ncbi.nlm.nih.gov/pathogens/docs/gcp/	217	https://www.ncbi.nlm.nih.gov/pathogens/pathogens_help/	200 OK
https://www.ncbi.nlm.nih.gov/pathogens/docs/gcp/	230	https://www.ncbi.nlm.nih.gov/pathogens/pathogens_help/	200 OK
https://www.ncbi.nlm.nih.gov/pathogens/docs/gcp/	230	https://www.ncbi.nlm.nih.gov/core/assets/pathogens/images/arrowup_blue.gif	200 OK
https://www.ncbi.nlm.nih.gov/pathogens/docs/gcp/	232	https://www.ncbi.nlm.nih.gov/pathogens/pathogens_help/	200 OK
https://www.ncbi.nlm.nih.gov/pathogens/docs/gcp/	232	https://www.ncbi.nlm.nih.gov/pathogens/pathogens_help/	200 OK
https://www.ncbi.nlm.nih.gov/pathogens/docs/gcp/	232	https://cloud.google.com/bigquery/docs/	301 Moved Permanently -> https://docs.cloud.google.com/bigquery/docs
https://cloud.google.com/bigquery/docs/	NA	https://docs.cloud.google.com/bigquery/docs	200 OK
https://www.ncbi.nlm.nih.gov/pathogens/docs/gcp/	232	https://cloud.google.com/storage/docs/	301 Moved Permanently -> https://docs.cloud.google.com/storage/docs
https://cloud.google.com/storage/docs/	NA	https://docs.cloud.google.com/storage/docs	200 OK
https://www.ncbi.nlm.nih.gov/pathogens/docs/gcp/	237	https://www.ncbi.nlm.nih.gov/pathogens/docs/gcp/	200 OK
https://www.ncbi.nlm.nih.gov/pathogens/docs/gcp/	238	https://www.ncbi.nlm.nih.gov/pathogens/docs/microbigge_gcp/	200 OK
https://www.ncbi.nlm.nih.gov/pathogens/docs/gcp/	239	https://www.ncbi.nlm.nih.gov/pathogens/docs/microbigge_gcp/	200 OK
https://www.ncbi.nlm.nih.gov/pathogens/docs/gcp/	240	https://www.ncbi.nlm.nih.gov/pathogens/docs/microbigge_gcp/	200 OK
https://www.ncbi.nlm.nih.gov/pathogens/docs/gcp/	241	https://www.ncbi.nlm.nih.gov/pathogens/docs/microbigge_gcp/	200 OK
https://www.ncbi.nlm.nih.gov/pathogens/docs/gcp/	242	https://www.ncbi.nlm.nih.gov/pathogens/docs/ast_gcp/	200 OK
https://www.ncbi.nlm.nih.gov/pathogens/docs/gcp/	243	https://www.ncbi.nlm.nih.gov/pathogens/docs/isolates_gcp/	200 OK
https://www.ncbi.nlm.nih.gov/pathogens/docs/gcp/	244	https://www.ncbi.nlm.nih.gov/pathogens/docs/isolates_gcp/	200 OK
https://www.ncbi.nlm.nih.gov/pathogens/docs/gcp/	245	https://www.ncbi.nlm.nih.gov/pathogens/docs/bioproject_hierarchy_gcp/	200 OK
https://www.ncbi.nlm.nih.gov/pathogens/docs/gcp/	253	https://ncbiinsights.ncbi.nlm.nih.gov/event/ncbi-pathogen-detection-in-cloud-03-2023/	200 OK
https://www.ncbi.nlm.nih.gov/pathogens/docs/gcp/	253	https://www.ncbi.nlm.nih.gov/pathogens/docs/ncbi_minute_230329/	200 OK
https://www.ncbi.nlm.nih.gov/pathogens/docs/gcp/	254	https://www.ncbi.nlm.nih.gov/pathogens/docs/getting_started_bigquery	301 Moved Permanently -> https://www.ncbi.nlm.nih.gov/pathogens/docs/getting_started_bigquery/
https://www.ncbi.nlm.nih.gov/pathogens/docs/getting_started_bigquery	NA	https://www.ncbi.nlm.nih.gov/pathogens/docs/getting_started_bigquery/	200 OK
https://www.ncbi.nlm.nih.gov/pathogens/docs/gcp/	255	https://www.ncbi.nlm.nih.gov/pathogens/docs/isolates_gcp/	200 OK
https://www.ncbi.nlm.nih.gov/pathogens/docs/gcp/	255	https://www.ncbi.nlm.nih.gov/pathogens/isolates/	200 OK
https://www.ncbi.nlm.nih.gov/pathogens/docs/gcp/	256	https://www.ncbi.nlm.nih.gov/pathogens/docs/microbigge_gcp/	200 OK
https://www.ncbi.nlm.nih.gov/pathogens/docs/gcp/	256	https://www.ncbi.nlm.nih.gov/pathogens/microbigge/	200 OK
https://www.ncbi.nlm.nih.gov/pathogens/docs/gcp/	257	https://www.ncbi.nlm.nih.gov/pathogens/docs/bioproject_hierarchy_gcp/	200 OK
https://www.ncbi.nlm.nih.gov/pathogens/docs/gcp/	258	https://www.ncbi.nlm.nih.gov/pathogens/docs/ast_gcp/	200 OK
https://www.ncbi.nlm.nih.gov/pathogens/docs/gcp/	268	https://github.com/ncbi/workshop-asm-ngs-2022/wiki	200 OK
https://www.ncbi.nlm.nih.gov/pathogens/docs/gcp/	268	https://asm.org/Events/ASM-NGS/Home	301 Moved Permanently -> https://asm.org/events/asm-ngs/home
https://asm.org/Events/ASM-NGS/Home	NA	https://asm.org/events/asm-ngs/home	301 Moved Permanently -> https://asm.org/events/asm-big/home
https://asm.org/events/asm-ngs/home	NA	https://asm.org/events/asm-big/home	200 OK
https://www.ncbi.nlm.nih.gov/pathogens/docs/gcp/	268	https://github.com/ncbi/workshop-asm-ngs-2022/wiki/Setup	200 OK
https://www.ncbi.nlm.nih.gov/pathogens/docs/gcp/	268	https://github.com/ncbi/workshop-asm-ngs-2022/wiki/Project-1	200 OK
https://www.ncbi.nlm.nih.gov/pathogens/docs/gcp/	268	https://github.com/ncbi/workshop-asm-ngs-2022/wiki/Project-2	200 OK
https://www.ncbi.nlm.nih.gov/pathogens/docs/gcp/	269	https://github.com/ncbi/workshop-asm-ngs-2022/wiki/Project-3	200 OK
https://www.ncbi.nlm.nih.gov/pathogens/docs/gcp/	280	https://www.ncbi.nlm.nih.gov/sra/docs/sra-cloud/	200 OK
https://www.ncbi.nlm.nih.gov/pathogens/docs/gcp/	281	https://blast.ncbi.nlm.nih.gov/doc/elastic-blast/	200 OK
https://www.ncbi.nlm.nih.gov/pathogens/docs/gcp/	287	https://cloud.google.com/docs/get-started	301 Moved Permanently -> https://docs.cloud.google.com/docs/get-started
https://cloud.google.com/docs/get-started	NA	https://docs.cloud.google.com/docs/get-started	200 OK
https://www.ncbi.nlm.nih.gov/pathogens/docs/gcp/	288	https://cloud.google.com/compute/docs/create-linux-vm-instance	301 Moved Permanently -> https://docs.cloud.google.com/compute/docs/create-linux-vm-instance
https://cloud.google.com/compute/docs/create-linux-vm-instance	NA	https://docs.cloud.google.com/compute/docs/create-linux-vm-instance	200 OK
https://www.ncbi.nlm.nih.gov/pathogens/docs/gcp/	293	https://datascience.nih.gov/strides	200 OK
https://www.ncbi.nlm.nih.gov/pathogens/docs/gcp/	300	https://cloud.nih.gov/resources/cloudlab/	200 OK
https://www.ncbi.nlm.nih.gov/pathogens/docs/gcp/	321	https://twitter.com/ncbi	403 Forbidden
https://www.ncbi.nlm.nih.gov/pathogens/docs/gcp/	331	https://www.facebook.com/ncbi.nlm	200 OK
https://www.ncbi.nlm.nih.gov/pathogens/docs/gcp/	338	https://www.linkedin.com/company/ncbinlm	200 OK
https://www.ncbi.nlm.nih.gov/pathogens/docs/gcp/	346	https://github.com/ncbi	200 OK
https://www.ncbi.nlm.nih.gov/pathogens/docs/gcp/	384	https://ncbiinsights.ncbi.nlm.nih.gov/	200 OK
https://www.ncbi.nlm.nih.gov/pathogens/docs/gcp/	395	https://www.nlm.nih.gov/socialmedia/index.html	200 OK
https://www.ncbi.nlm.nih.gov/pathogens/docs/gcp/	397	https://twitter.com/NLM_NIH	403 Forbidden
https://www.ncbi.nlm.nih.gov/pathogens/docs/gcp/	412	https://www.facebook.com/nationallibraryofmedicine	200 OK
https://www.ncbi.nlm.nih.gov/pathogens/docs/gcp/	438	https://www.youtube.com/user/NLMNIH	200 OK
https://www.ncbi.nlm.nih.gov/pathogens/docs/gcp/	466	https://www.google.com/maps/place/8600+Rockville+Pike,+Bethesda,+MD+20894/@38.9959508,-77.101021,17z/data=!3m1!4b1!4m5!3m4!1s0x89b7c95e25765ddb:0x19156f88b27635b8!8m2!3d38.9959508!4d-77.0988323	200 OK
https://www.ncbi.nlm.nih.gov/pathogens/docs/gcp/	471	https://www.nlm.nih.gov/web_policies.html	200 OK
https://www.ncbi.nlm.nih.gov/pathogens/docs/gcp/	472	https://www.nih.gov/institutes-nih/nih-office-director/office-communications-public-liaison/freedom-information-act-office	200 OK
https://www.ncbi.nlm.nih.gov/pathogens/docs/gcp/	474	https://www.hhs.gov/vulnerability-disclosure-policy/index.html	200 OK
https://www.ncbi.nlm.nih.gov/pathogens/docs/gcp/	477	https://support.nlm.nih.gov/	200 OK
https://www.ncbi.nlm.nih.gov/pathogens/docs/gcp/	478	https://www.nlm.nih.gov/accessibility.html	200 OK
https://www.ncbi.nlm.nih.gov/pathogens/docs/gcp/	479	https://www.nlm.nih.gov/careers/careers.html	200 OK
https://www.ncbi.nlm.nih.gov/pathogens/docs/gcp/	487	https://www.nlm.nih.gov/	200 OK
https://www.ncbi.nlm.nih.gov/pathogens/docs/gcp/	490	https://www.nih.gov/	200 OK
https://www.ncbi.nlm.nih.gov/pathogens/docs/gcp/	494	https://www.hhs.gov/	200 OK
https://www.ncbi.nlm.nih.gov/pathogens/docs/gcp/	497	https://www.usa.gov/	200 OK
https://www.ncbi.nlm.nih.gov/pathogens/docs/gcp/	535	https://www.ncbi.nlm.nih.gov/pathogens/static/django_uswds/uswds/js/uswds.js	200 OK
https://www.ncbi.nlm.nih.gov/pathogens/docs/gcp/	539	https://code.jquery.com/jquery-3.5.0.min.js	200 OK
https://www.ncbi.nlm.nih.gov/pathogens/docs/gcp/	550	https://www.ncbi.nlm.nih.gov/pathogens/static/nwds/js/nwds.js	200 OK
https://www.ncbi.nlm.nih.gov/pathogens/docs/gcp/	551	https://www.ncbi.nlm.nih.gov/pathogens/static/nwds/js/header.js	200 OK
https://www.ncbi.nlm.nih.gov/pathogens/docs/gcp/	552	https://www.ncbi.nlm.nih.gov/pathogens/static/nwds/js/ncbipopup.js	200 OK
https://www.ncbi.nlm.nih.gov/pathogens/docs/gcp/	553	https://www.ncbi.nlm.nih.gov/pathogens/static/nwds/js/ncbiclearbutton.js	200 OK
https://www.ncbi.nlm.nih.gov/pathogens/docs/gcp/	554	https://www.ncbi.nlm.nih.gov/pathogens/static/nwds/js/override-uswds.js	200 OK
https://www.ncbi.nlm.nih.gov/pathogens/docs/gcp/	555	https://www.ncbi.nlm.nih.gov/pathogens/static/nwds/js/ncbifeedback.js	200 OK
https://www.ncbi.nlm.nih.gov/pathogens/docs/gcp/	559	https://www.ncbi.nlm.nih.gov/core/pinger/pinger.js	200 OK
https://www.ncbi.nlm.nih.gov/pathogens/docs/gcp/	563	https://www.ncbi.nlm.nih.gov/pathogens/static/main/scripts/page-search.js	200 OK
https://www.ncbi.nlm.nih.gov/pathogens/docs/gcp/	195	https://www.ncbi.nlm.nih.gov/pathogens/docs/gcp/#maincontent	Anchor #maincontent not found
